survey_id,Site,Pair,Type,Date,Count.Type,Inclusion_m,juv_count,adult_count,total_la,juv_prop,date_num
No Name Wreck.2024-03-28.Belt,No Name Wreck,No Name,Artificial,2024-03-28,Belt,5,25,2,27,0.9259259259259259,0
Hin Pee Wee.2024-08-04.Belt,Hin Pee Wee,Sattakut,Natural,2024-08-04,Belt,5,62,153,215,0.28837209302325584,129
No Name Pinnacle.2024-09-28.Belt,No Name Pinnacle,No Name,Natural,2024-09-28,Belt,5,18,10,28,0.6428571428571429,184
Sattakut.2024-09-28.Belt,Sattakut,Sattakut,Artificial,2024-09-28,Belt,5,66,167,233,0.2832618025751073,184
No Name Pinnacle.2024-10-04.Belt,No Name Pinnacle,No Name,Natural,2024-10-04,Belt,5,11,3,14,0.7857142857142857,190
No Name Wreck.2024-10-04.Belt,No Name Wreck,No Name,Artificial,2024-10-04,Belt,5,3,5,8,0.375,190
Aow Mao Wreck.2024-10-08.Belt,Aow Mao Wreck,Aow Mao,Artificial,2024-10-08,Belt,5,10,29,39,0.2564102564102564,194
Aow Mao.2024-10-25.Belt,Aow Mao,Aow Mao,Natural,2024-10-25,Belt,5,18,163,181,0.09944751381215469,211
No Name Wreck.2025-02-10.Belt,No Name Wreck,No Name,Artificial,2025-02-10,Belt,5,1,19,20,0.05,319
Hin Pee Wee.2025-02-11.Belt,Hin Pee Wee,Sattakut,Natural,2025-02-11,Belt,5,46,111,157,0.2929936305732484,320
Hin Pee Wee.2025-02-12.Belt,Hin Pee Wee,Sattakut,Natural,2025-02-12,Belt,5,16,4,20,0.8,321
Sattakut.2025-02-12.Belt,Sattakut,Sattakut,Artificial,2025-02-12,Belt,5,6,102,108,0.05555555555555555,321
Hin Pee Wee.2025-02-17.Belt,Hin Pee Wee,Sattakut,Natural,2025-02-17,Belt,5,24,28,52,0.46153846153846156,326
No Name Wreck.2025-02-18.Belt,No Name Wreck,No Name,Artificial,2025-02-18,Belt,5,18,45,63,0.2857142857142857,327
No Name Pinnacle.2025-02-19.Belt,No Name Pinnacle,No Name,Natural,2025-02-19,Belt,5,29,12,41,0.7073170731707317,328
No Name Wreck.2025-02-27.Belt,No Name Wreck,No Name,Artificial,2025-02-27,Belt,5,4,17,21,0.19047619047619047,336
Sattakut.2025-02-27.Belt,Sattakut,Sattakut,Artificial,2025-02-27,Belt,5,107,160,267,0.40074906367041196,336
No Name Pinnacle.2025-02-28.Belt,No Name Pinnacle,No Name,Natural,2025-02-28,Belt,5,14,3,17,0.8235294117647058,337
No Name Wreck.2025-02-28.Belt,No Name Wreck,No Name,Artificial,2025-02-28,Belt,5,3,32,35,0.08571428571428572,337
No Name Wreck.2025-03-03.Belt,No Name Wreck,No Name,Artificial,2025-03-03,Belt,5,3,10,13,0.23076923076923078,340
Aow Mao.2025-03-05.Belt,Aow Mao,Aow Mao,Natural,2025-03-05,Belt,5,2,0,2,1,342
Aow Mao Wreck.2025-03-05.Belt,Aow Mao Wreck,Aow Mao,Artificial,2025-03-05,Belt,5,14,36,50,0.28,342
Aow Mao Wreck.2025-03-13.Belt,Aow Mao Wreck,Aow Mao,Artificial,2025-03-13,Belt,5,10,28,38,0.2631578947368421,350
Sattakut.2025-03-19.Belt,Sattakut,Sattakut,Artificial,2025-03-19,Belt,5,16,37,53,0.3018867924528302,356
No Name Pinnacle.2025-03-24.Belt,No Name Pinnacle,No Name,Natural,2025-03-24,Belt,5,13,5,18,0.7222222222222222,361
No Name Wreck.2025-03-24.Belt,No Name Wreck,No Name,Artificial,2025-03-24,Belt,5,20,29,49,0.40816326530612246,361
Aow Mao.2025-03-27.Belt,Aow Mao,Aow Mao,Natural,2025-03-27,Belt,5,8,72,80,0.1,364
Aow Mao Wreck.2025-03-27.Belt,Aow Mao Wreck,Aow Mao,Artificial,2025-03-27,Belt,5,20,211,231,0.08658008658008658,364
Aow Mao.2025-04-10.Belt,Aow Mao,Aow Mao,Natural,2025-04-10,Belt,5,12,9,21,0.5714285714285714,378
Aow Mao Wreck.2025-04-10.Belt,Aow Mao Wreck,Aow Mao,Artificial,2025-04-10,Belt,5,51,12,63,0.8095238095238095,378
No Name Pinnacle.2025-04-23.Belt,No Name Pinnacle,No Name,Natural,2025-04-23,Belt,5,19,8,27,0.7037037037037037,391
No Name Wreck.2025-04-23.Belt,No Name Wreck,No Name,Artificial,2025-04-23,Belt,5,19,39,58,0.3275862068965517,391
Hin Pee Wee.2025-04-28.Belt,Hin Pee Wee,Sattakut,Natural,2025-04-28,Belt,5,373,614,987,0.3779128672745694,396
No Name Wreck.2025-05-05.Belt,No Name Wreck,No Name,Artificial,2025-05-05,Belt,5,1,19,20,0.05,403
Aow Mao.2025-05-07.Belt,Aow Mao,Aow Mao,Natural,2025-05-07,Belt,5,5,0,5,1,405
Hin Pee Wee.2025-05-13.Belt,Hin Pee Wee,Sattakut,Natural,2025-05-13,Belt,5,2,5,7,0.2857142857142857,411
Aow Mao Wreck.2025-05-27.Belt,Aow Mao Wreck,Aow Mao,Artificial,2025-05-27,Belt,5,6,4,10,0.6,425
Sattakut.2025-05-29.Belt,Sattakut,Sattakut,Artificial,2025-05-29,Belt,5,75,73,148,0.5067567567567568,427
Aow Mao Wreck.2025-06-03.Belt,Aow Mao Wreck,Aow Mao,Artificial,2025-06-03,Belt,5,21,42,63,0.3333333333333333,432
Aow Mao.2025-06-10.Belt,Aow Mao,Aow Mao,Natural,2025-06-10,Belt,5,12,13,25,0.48,439
Aow Mao Wreck.2025-06-10.Belt,Aow Mao Wreck,Aow Mao,Artificial,2025-06-10,Belt,5,6,17,23,0.2608695652173913,439
Aow Mao.2025-06-18.Belt,Aow Mao,Aow Mao,Natural,2025-06-18,Belt,5,6,2,8,0.75,447
No Name Pinnacle.2025-06-23.Belt,No Name Pinnacle,No Name,Natural,2025-06-23,Belt,5,16,4,20,0.8,452
No Name Wreck.2025-06-23.Belt,No Name Wreck,No Name,Artificial,2025-06-23,Belt,5,7,8,15,0.4666666666666667,452
Hin Pee Wee.2025-06-24.Belt,Hin Pee Wee,Sattakut,Natural,2025-06-24,Belt,5,260,207,467,0.556745182012848,453
No Name Pinnacle.2025-06-24.Belt,No Name Pinnacle,No Name,Natural,2025-06-24,Belt,5,19,5,24,0.7916666666666666,453
No Name Wreck.2025-06-24.Belt,No Name Wreck,No Name,Artificial,2025-06-24,Belt,5,5,9,14,0.35714285714285715,453
No Name Pinnacle.2025-07-28.Belt,No Name Pinnacle,No Name,Natural,2025-07-28,Belt,5,5,3,8,0.625,487
No Name Wreck.2025-07-28.Belt,No Name Wreck,No Name,Artificial,2025-07-28,Belt,5,13,15,28,0.4642857142857143,487
Hin Pee Wee.2025-08-04.Belt,Hin Pee Wee,Sattakut,Natural,2025-08-04,Belt,5,45,8,53,0.8490566037735849,494
No Name Pinnacle.2025-08-05.Belt,No Name Pinnacle,No Name,Natural,2025-08-05,Belt,5,3,1,4,0.75,495
No Name Wreck.2025-08-05.Belt,No Name Wreck,No Name,Artificial,2025-08-05,Belt,5,8,10,18,0.4444444444444444,495
Aow Mao Wreck.2025-08-08.Belt,Aow Mao Wreck,Aow Mao,Artificial,2025-08-08,Belt,5,47,143,190,0.24736842105263157,498
Aow Mao.2025-08-13.Belt,Aow Mao,Aow Mao,Natural,2025-08-13,Belt,5,2,2,4,0.5,503
Aow Mao Wreck.2025-08-13.Belt,Aow Mao Wreck,Aow Mao,Artificial,2025-08-13,Belt,5,19,37,56,0.3392857142857143,503
No Name Pinnacle.2025-08-19.Belt,No Name Pinnacle,No Name,Natural,2025-08-19,Belt,5,17,2,19,0.8947368421052632,509
No Name Wreck.2025-08-19.Belt,No Name Wreck,No Name,Artificial,2025-08-19,Belt,5,19,12,31,0.6129032258064516,509
Aow Mao Wreck.2025-08-20.Belt,Aow Mao Wreck,Aow Mao,Artificial,2025-08-20,Belt,5,32,38,70,0.45714285714285713,510
Aow Mao Wreck.2025-08-21.Belt,Aow Mao Wreck,Aow Mao,Artificial,2025-08-21,Belt,5,21,37,58,0.3620689655172414,511
Sattakut.2025-08-21.Belt,Sattakut,Sattakut,Artificial,2025-08-21,Belt,5,18,93,111,0.16216216216216217,511
Hin Pee Wee.2025-09-03.Belt,Hin Pee Wee,Sattakut,Natural,2025-09-03,Belt,5,107,711,818,0.13080684596577016,524
Hin Pee Wee.2025-09-09.Belt,Hin Pee Wee,Sattakut,Natural,2025-09-09,Belt,5,66,113,179,0.3687150837988827,530
No Name Wreck.2025-09-09.Belt,No Name Wreck,No Name,Artificial,2025-09-09,Belt,5,8,28,36,0.2222222222222222,530
Aow Mao.2025-09-10.Belt,Aow Mao,Aow Mao,Natural,2025-09-10,Belt,5,8,57,65,0.12307692307692308,531
Aow Mao Wreck.2025-09-18.Belt,Aow Mao Wreck,Aow Mao,Artificial,2025-09-18,Belt,5,48,99,147,0.32653061224489793,539
Aow Mao Wreck.2025-09-25.Belt,Aow Mao Wreck,Aow Mao,Artificial,2025-09-25,Belt,5,23,70,93,0.24731182795698925,546
Aow Mao.2025-10-06.Belt,Aow Mao,Aow Mao,Natural,2025-10-06,Belt,5,22,4,26,0.8461538461538461,557
Aow Mao Wreck.2025-10-06.Belt,Aow Mao Wreck,Aow Mao,Artificial,2025-10-06,Belt,5,80,39,119,0.6722689075630253,557
No Name Pinnacle.2025-10-08.Belt,No Name Pinnacle,No Name,Natural,2025-10-08,Belt,5,26,10,36,0.7222222222222222,559
No Name Wreck.2025-10-08.Belt,No Name Wreck,No Name,Artificial,2025-10-08,Belt,5,16,25,41,0.3902439024390244,559
Sattakut.2025-10-08.Belt,Sattakut,Sattakut,Artificial,2025-10-08,Belt,5,162,101,263,0.6159695817490495,559
Hin Pee Wee.2025-10-09.Belt,Hin Pee Wee,Sattakut,Natural,2025-10-09,Belt,5,3,3,6,0.5,560
Sattakut.2025-10-09.Belt,Sattakut,Sattakut,Artificial,2025-10-09,Belt,5,110,272,382,0.2879581151832461,560
Aow Mao.2025-10-15.Belt,Aow Mao,Aow Mao,Natural,2025-10-15,Belt,5,13,0,13,1,566
Aow Mao Wreck.2025-10-15.Belt,Aow Mao Wreck,Aow Mao,Artificial,2025-10-15,Belt,5,23,65,88,0.26136363636363635,566
Aow Mao Wreck.2025-10-17.Belt,Aow Mao Wreck,Aow Mao,Artificial,2025-10-17,Belt,5,44,47,91,0.4835164835164835,568
Aow Mao.2025-10-20.Belt,Aow Mao,Aow Mao,Natural,2025-10-20,Belt,5,2,0,2,1,571
Hin Pee Wee.2025-10-22.Belt,Hin Pee Wee,Sattakut,Natural,2025-10-22,Belt,5,5,0,5,1,573
No Name Pinnacle.2025-10-22.Belt,No Name Pinnacle,No Name,Natural,2025-10-22,Belt,5,2,1,3,0.6666666666666666,573
No Name Wreck.2025-10-22.Belt,No Name Wreck,No Name,Artificial,2025-10-22,Belt,5,10,0,10,1,573
Sattakut.2025-10-22.Belt,Sattakut,Sattakut,Artificial,2025-10-22,Belt,5,94,52,146,0.6438356164383562,573
No Name Wreck.2024-03-28.Stationary,No Name Wreck,No Name,Artificial,2024-03-28,Stationary,1,136,26,162,0.8395061728395061,0
No Name Wreck.2024-03-28.Stationary,No Name Wreck,No Name,Artificial,2024-03-28,Stationary,5,125,22,147,0.8503401360544217,0
Hin Pee Wee.2024-08-04.Stationary,Hin Pee Wee,Sattakut,Natural,2024-08-04,Stationary,1,203,4,207,0.9806763285024155,129
Hin Pee Wee.2024-08-04.Stationary,Hin Pee Wee,Sattakut,Natural,2024-08-04,Stationary,5,59,21,80,0.7375,129
No Name Pinnacle.2024-09-28.Stationary,No Name Pinnacle,No Name,Natural,2024-09-28,Stationary,1,106,3,109,0.9724770642201835,184
No Name Pinnacle.2024-09-28.Stationary,No Name Pinnacle,No Name,Natural,2024-09-28,Stationary,5,54,21,75,0.72,184
Sattakut.2024-09-28.Stationary,Sattakut,Sattakut,Artificial,2024-09-28,Stationary,1,35,4,39,0.8974358974358975,184
Sattakut.2024-09-28.Stationary,Sattakut,Sattakut,Artificial,2024-09-28,Stationary,5,30,9,39,0.7692307692307693,184
No Name Pinnacle.2024-10-04.Stationary,No Name Pinnacle,No Name,Natural,2024-10-04,Stationary,1,262,1,263,0.9961977186311787,190
No Name Pinnacle.2024-10-04.Stationary,No Name Pinnacle,No Name,Natural,2024-10-04,Stationary,5,42,31,73,0.5753424657534246,190
No Name Wreck.2024-10-04.Stationary,No Name Wreck,No Name,Artificial,2024-10-04,Stationary,1,104,0,104,1,190
No Name Wreck.2024-10-04.Stationary,No Name Wreck,No Name,Artificial,2024-10-04,Stationary,5,3,2,5,0.6,190
Aow Mao Wreck.2024-10-08.Stationary,Aow Mao Wreck,Aow Mao,Artificial,2024-10-08,Stationary,1,331,5,336,0.9851190476190477,194
Aow Mao Wreck.2024-10-08.Stationary,Aow Mao Wreck,Aow Mao,Artificial,2024-10-08,Stationary,5,189,10,199,0.949748743718593,194
Aow Mao.2024-10-25.Stationary,Aow Mao,Aow Mao,Natural,2024-10-25,Stationary,1,155,1,156,0.9935897435897436,211
Aow Mao.2024-10-25.Stationary,Aow Mao,Aow Mao,Natural,2024-10-25,Stationary,5,141,29,170,0.8294117647058824,211
No Name Wreck.2025-02-10.Stationary,No Name Wreck,No Name,Artificial,2025-02-10,Stationary,1,100,0,100,1,319
No Name Wreck.2025-02-10.Stationary,No Name Wreck,No Name,Artificial,2025-02-10,Stationary,5,35,0,35,1,319
Hin Pee Wee.2025-02-11.Stationary,Hin Pee Wee,Sattakut,Natural,2025-02-11,Stationary,1,127,2,129,0.9844961240310077,320
Hin Pee Wee.2025-02-11.Stationary,Hin Pee Wee,Sattakut,Natural,2025-02-11,Stationary,5,40,3,43,0.9302325581395349,320
Hin Pee Wee.2025-02-12.Stationary,Hin Pee Wee,Sattakut,Natural,2025-02-12,Stationary,1,29,3,32,0.90625,321
Hin Pee Wee.2025-02-12.Stationary,Hin Pee Wee,Sattakut,Natural,2025-02-12,Stationary,5,9,0,9,1,321
Sattakut.2025-02-12.Stationary,Sattakut,Sattakut,Artificial,2025-02-12,Stationary,1,274,4,278,0.9856115107913669,321
Hin Pee Wee.2025-02-17.Stationary,Hin Pee Wee,Sattakut,Natural,2025-02-17,Stationary,1,82,0,82,1,326
Hin Pee Wee.2025-02-17.Stationary,Hin Pee Wee,Sattakut,Natural,2025-02-17,Stationary,5,37,0,37,1,326
No Name Wreck.2025-02-18.Stationary,No Name Wreck,No Name,Artificial,2025-02-18,Stationary,1,261,2,263,0.9923954372623575,327
No Name Wreck.2025-02-18.Stationary,No Name Wreck,No Name,Artificial,2025-02-18,Stationary,5,2196,1,2197,0.9995448338643604,327
No Name Pinnacle.2025-02-19.Stationary,No Name Pinnacle,No Name,Natural,2025-02-19,Stationary,1,129,1,130,0.9923076923076923,328
No Name Pinnacle.2025-02-19.Stationary,No Name Pinnacle,No Name,Natural,2025-02-19,Stationary,5,7,1,8,0.875,328
No Name Wreck.2025-02-27.Stationary,No Name Wreck,No Name,Artificial,2025-02-27,Stationary,1,84,0,84,1,336
No Name Wreck.2025-02-27.Stationary,No Name Wreck,No Name,Artificial,2025-02-27,Stationary,5,2,1,3,0.6666666666666666,336
Sattakut.2025-02-27.Stationary,Sattakut,Sattakut,Artificial,2025-02-27,Stationary,1,59,0,59,1,336
Sattakut.2025-02-27.Stationary,Sattakut,Sattakut,Artificial,2025-02-27,Stationary,5,13,0,13,1,336
No Name Pinnacle.2025-02-28.Stationary,No Name Pinnacle,No Name,Natural,2025-02-28,Stationary,1,13,0,13,1,337
No Name Pinnacle.2025-02-28.Stationary,No Name Pinnacle,No Name,Natural,2025-02-28,Stationary,5,77,6,83,0.927710843373494,337
No Name Wreck.2025-02-28.Stationary,No Name Wreck,No Name,Artificial,2025-02-28,Stationary,1,350,2,352,0.9943181818181818,337
No Name Wreck.2025-02-28.Stationary,No Name Wreck,No Name,Artificial,2025-02-28,Stationary,5,182,10,192,0.9479166666666666,337
No Name Wreck.2025-03-03.Stationary,No Name Wreck,No Name,Artificial,2025-03-03,Stationary,1,353,1,354,0.9971751412429378,340
No Name Wreck.2025-03-03.Stationary,No Name Wreck,No Name,Artificial,2025-03-03,Stationary,5,54,0,54,1,340
Aow Mao.2025-03-05.Stationary,Aow Mao,Aow Mao,Natural,2025-03-05,Stationary,1,62,7,69,0.8985507246376812,342
Aow Mao.2025-03-05.Stationary,Aow Mao,Aow Mao,Natural,2025-03-05,Stationary,5,14,3,17,0.8235294117647058,342
Aow Mao Wreck.2025-03-05.Stationary,Aow Mao Wreck,Aow Mao,Artificial,2025-03-05,Stationary,1,32,1,33,0.9696969696969697,342
Aow Mao Wreck.2025-03-05.Stationary,Aow Mao Wreck,Aow Mao,Artificial,2025-03-05,Stationary,5,228,2,230,0.991304347826087,342
Aow Mao Wreck.2025-03-13.Stationary,Aow Mao Wreck,Aow Mao,Artificial,2025-03-13,Stationary,1,195,6,201,0.9701492537313433,350
Aow Mao Wreck.2025-03-13.Stationary,Aow Mao Wreck,Aow Mao,Artificial,2025-03-13,Stationary,5,45,0,45,1,350
Sattakut.2025-03-19.Stationary,Sattakut,Sattakut,Artificial,2025-03-19,Stationary,1,392,4,396,0.98989898989899,356
Sattakut.2025-03-19.Stationary,Sattakut,Sattakut,Artificial,2025-03-19,Stationary,5,92,3,95,0.968421052631579,356
No Name Pinnacle.2025-03-24.Stationary,No Name Pinnacle,No Name,Natural,2025-03-24,Stationary,1,184,20,204,0.9019607843137255,361
No Name Pinnacle.2025-03-24.Stationary,No Name Pinnacle,No Name,Natural,2025-03-24,Stationary,5,265,0,265,1,361
No Name Wreck.2025-03-24.Stationary,No Name Wreck,No Name,Artificial,2025-03-24,Stationary,1,241,8,249,0.9678714859437751,361
No Name Wreck.2025-03-24.Stationary,No Name Wreck,No Name,Artificial,2025-03-24,Stationary,5,158,2,160,0.9875,361
Aow Mao.2025-03-27.Stationary,Aow Mao,Aow Mao,Natural,2025-03-27,Stationary,1,206,35,241,0.8547717842323651,364
Aow Mao.2025-03-27.Stationary,Aow Mao,Aow Mao,Natural,2025-03-27,Stationary,5,28,17,45,0.6222222222222222,364
Aow Mao Wreck.2025-03-27.Stationary,Aow Mao Wreck,Aow Mao,Artificial,2025-03-27,Stationary,1,4377,2,4379,0.9995432747202557,364
Aow Mao Wreck.2025-03-27.Stationary,Aow Mao Wreck,Aow Mao,Artificial,2025-03-27,Stationary,5,94,52,146,0.6438356164383562,364
Aow Mao.2025-04-10.Stationary,Aow Mao,Aow Mao,Natural,2025-04-10,Stationary,1,72,4,76,0.9473684210526315,378
Aow Mao.2025-04-10.Stationary,Aow Mao,Aow Mao,Natural,2025-04-10,Stationary,5,32,9,41,0.7804878048780488,378
Aow Mao Wreck.2025-04-10.Stationary,Aow Mao Wreck,Aow Mao,Artificial,2025-04-10,Stationary,1,71,2,73,0.9726027397260274,378
Aow Mao Wreck.2025-04-10.Stationary,Aow Mao Wreck,Aow Mao,Artificial,2025-04-10,Stationary,5,242,3,245,0.9877551020408163,378
No Name Pinnacle.2025-04-23.Stationary,No Name Pinnacle,No Name,Natural,2025-04-23,Stationary,1,141,3,144,0.9791666666666666,391
No Name Pinnacle.2025-04-23.Stationary,No Name Pinnacle,No Name,Natural,2025-04-23,Stationary,5,38,17,55,0.6909090909090909,391
No Name Wreck.2025-04-23.Stationary,No Name Wreck,No Name,Artificial,2025-04-23,Stationary,1,84,2,86,0.9767441860465116,391
No Name Wreck.2025-04-23.Stationary,No Name Wreck,No Name,Artificial,2025-04-23,Stationary,5,148,4,152,0.9736842105263158,391
Hin Pee Wee.2025-04-28.Stationary,Hin Pee Wee,Sattakut,Natural,2025-04-28,Stationary,1,211,2,213,0.9906103286384976,396
Hin Pee Wee.2025-04-28.Stationary,Hin Pee Wee,Sattakut,Natural,2025-04-28,Stationary,5,130,10,140,0.9285714285714286,396
No Name Wreck.2025-05-05.Stationary,No Name Wreck,No Name,Artificial,2025-05-05,Stationary,1,196,2,198,0.98989898989899,403
No Name Wreck.2025-05-05.Stationary,No Name Wreck,No Name,Artificial,2025-05-05,Stationary,5,49,44,93,0.5268817204301075,403
Aow Mao.2025-05-07.Stationary,Aow Mao,Aow Mao,Natural,2025-05-07,Stationary,1,136,0,136,1,405
Aow Mao.2025-05-07.Stationary,Aow Mao,Aow Mao,Natural,2025-05-07,Stationary,5,21,8,29,0.7241379310344828,405
Hin Pee Wee.2025-05-13.Stationary,Hin Pee Wee,Sattakut,Natural,2025-05-13,Stationary,1,788,12,800,0.985,411
Hin Pee Wee.2025-05-13.Stationary,Hin Pee Wee,Sattakut,Natural,2025-05-13,Stationary,5,15,9,24,0.625,411
Aow Mao Wreck.2025-05-27.Stationary,Aow Mao Wreck,Aow Mao,Artificial,2025-05-27,Stationary,5,80,0,80,1,425
Sattakut.2025-05-29.Stationary,Sattakut,Sattakut,Artificial,2025-05-29,Stationary,1,153,1,154,0.9935064935064936,427
Sattakut.2025-05-29.Stationary,Sattakut,Sattakut,Artificial,2025-05-29,Stationary,5,44,6,50,0.88,427
Aow Mao Wreck.2025-06-03.Stationary,Aow Mao Wreck,Aow Mao,Artificial,2025-06-03,Stationary,1,33,3,36,0.9166666666666666,432
Aow Mao Wreck.2025-06-03.Stationary,Aow Mao Wreck,Aow Mao,Artificial,2025-06-03,Stationary,5,8,38,46,0.17391304347826086,432
Aow Mao.2025-06-10.Stationary,Aow Mao,Aow Mao,Natural,2025-06-10,Stationary,1,19,6,25,0.76,439
Aow Mao.2025-06-10.Stationary,Aow Mao,Aow Mao,Natural,2025-06-10,Stationary,5,28,5,33,0.8484848484848485,439
Aow Mao Wreck.2025-06-10.Stationary,Aow Mao Wreck,Aow Mao,Artificial,2025-06-10,Stationary,1,154,0,154,1,439
Aow Mao Wreck.2025-06-10.Stationary,Aow Mao Wreck,Aow Mao,Artificial,2025-06-10,Stationary,5,15,1,16,0.9375,439
Aow Mao.2025-06-18.Stationary,Aow Mao,Aow Mao,Natural,2025-06-18,Stationary,1,108,6,114,0.9473684210526315,447
Aow Mao.2025-06-18.Stationary,Aow Mao,Aow Mao,Natural,2025-06-18,Stationary,5,3,2,5,0.6,447
No Name Pinnacle.2025-06-23.Stationary,No Name Pinnacle,No Name,Natural,2025-06-23,Stationary,1,82,8,90,0.9111111111111111,452
No Name Pinnacle.2025-06-23.Stationary,No Name Pinnacle,No Name,Natural,2025-06-23,Stationary,5,110,11,121,0.9090909090909091,452
No Name Wreck.2025-06-23.Stationary,No Name Wreck,No Name,Artificial,2025-06-23,Stationary,1,86,0,86,1,452
No Name Wreck.2025-06-23.Stationary,No Name Wreck,No Name,Artificial,2025-06-23,Stationary,5,13,4,17,0.7647058823529411,452
Hin Pee Wee.2025-06-24.Stationary,Hin Pee Wee,Sattakut,Natural,2025-06-24,Stationary,1,531,29,560,0.9482142857142857,453
Hin Pee Wee.2025-06-24.Stationary,Hin Pee Wee,Sattakut,Natural,2025-06-24,Stationary,5,158,2,160,0.9875,453
No Name Pinnacle.2025-06-24.Stationary,No Name Pinnacle,No Name,Natural,2025-06-24,Stationary,1,154,23,177,0.8700564971751412,453
No Name Pinnacle.2025-06-24.Stationary,No Name Pinnacle,No Name,Natural,2025-06-24,Stationary,5,53,16,69,0.7681159420289855,453
No Name Wreck.2025-06-24.Stationary,No Name Wreck,No Name,Artificial,2025-06-24,Stationary,1,304,21,325,0.9353846153846154,453
No Name Pinnacle.2025-07-28.Stationary,No Name Pinnacle,No Name,Natural,2025-07-28,Stationary,1,131,71,202,0.6485148514851485,487
No Name Pinnacle.2025-07-28.Stationary,No Name Pinnacle,No Name,Natural,2025-07-28,Stationary,5,7,7,14,0.5,487
No Name Wreck.2025-07-28.Stationary,No Name Wreck,No Name,Artificial,2025-07-28,Stationary,1,236,0,236,1,487
No Name Wreck.2025-07-28.Stationary,No Name Wreck,No Name,Artificial,2025-07-28,Stationary,5,42,4,46,0.9130434782608695,487
Hin Pee Wee.2025-08-04.Stationary,Hin Pee Wee,Sattakut,Natural,2025-08-04,Stationary,1,414,0,414,1,494
Hin Pee Wee.2025-08-04.Stationary,Hin Pee Wee,Sattakut,Natural,2025-08-04,Stationary,5,18,14,32,0.5625,494
No Name Pinnacle.2025-08-05.Stationary,No Name Pinnacle,No Name,Natural,2025-08-05,Stationary,5,16,4,20,0.8,495
No Name Wreck.2025-08-05.Stationary,No Name Wreck,No Name,Artificial,2025-08-05,Stationary,1,210,20,230,0.9130434782608695,495
No Name Wreck.2025-08-05.Stationary,No Name Wreck,No Name,Artificial,2025-08-05,Stationary,5,69,3,72,0.9583333333333334,495
No Name Pinnacle.2025-08-06.Stationary,No Name Pinnacle,No Name,Natural,2025-08-06,Stationary,1,132,1,133,0.9924812030075187,496
Aow Mao Wreck.2025-08-08.Stationary,Aow Mao Wreck,Aow Mao,Artificial,2025-08-08,Stationary,1,988,163,1151,0.8583840139009556,498
Aow Mao Wreck.2025-08-08.Stationary,Aow Mao Wreck,Aow Mao,Artificial,2025-08-08,Stationary,5,24,0,24,1,498
Aow Mao.2025-08-13.Stationary,Aow Mao,Aow Mao,Natural,2025-08-13,Stationary,1,48,0,48,1,503
Aow Mao.2025-08-13.Stationary,Aow Mao,Aow Mao,Natural,2025-08-13,Stationary,5,11,5,16,0.6875,503
Aow Mao Wreck.2025-08-13.Stationary,Aow Mao Wreck,Aow Mao,Artificial,2025-08-13,Stationary,1,120,17,137,0.8759124087591241,503
Aow Mao Wreck.2025-08-13.Stationary,Aow Mao Wreck,Aow Mao,Artificial,2025-08-13,Stationary,5,105,0,105,1,503
No Name Pinnacle.2025-08-19.Stationary,No Name Pinnacle,No Name,Natural,2025-08-19,Stationary,1,849,36,885,0.9593220338983051,509
No Name Pinnacle.2025-08-19.Stationary,No Name Pinnacle,No Name,Natural,2025-08-19,Stationary,5,43,8,51,0.8431372549019608,509
No Name Wreck.2025-08-19.Stationary,No Name Wreck,No Name,Artificial,2025-08-19,Stationary,1,217,48,265,0.8188679245283019,509
No Name Wreck.2025-08-19.Stationary,No Name Wreck,No Name,Artificial,2025-08-19,Stationary,5,47,1,48,0.9791666666666666,509
Aow Mao Wreck.2025-08-20.Stationary,Aow Mao Wreck,Aow Mao,Artificial,2025-08-20,Stationary,1,306,9,315,0.9714285714285714,510
Aow Mao Wreck.2025-08-20.Stationary,Aow Mao Wreck,Aow Mao,Artificial,2025-08-20,Stationary,5,8,1,9,0.8888888888888888,510
Aow Mao Wreck.2025-08-21.Stationary,Aow Mao Wreck,Aow Mao,Artificial,2025-08-21,Stationary,1,101,1,102,0.9901960784313726,511
Aow Mao Wreck.2025-08-21.Stationary,Aow Mao Wreck,Aow Mao,Artificial,2025-08-21,Stationary,5,103,0,103,1,511
Sattakut.2025-08-21.Stationary,Sattakut,Sattakut,Artificial,2025-08-21,Stationary,1,168,28,196,0.8571428571428571,511
Hin Pee Wee.2025-09-03.Stationary,Hin Pee Wee,Sattakut,Natural,2025-09-03,Stationary,1,107,18,125,0.856,524
Hin Pee Wee.2025-09-03.Stationary,Hin Pee Wee,Sattakut,Natural,2025-09-03,Stationary,5,68,4,72,0.9444444444444444,524
Hin Pee Wee.2025-09-09.Stationary,Hin Pee Wee,Sattakut,Natural,2025-09-09,Stationary,1,224,46,270,0.8296296296296296,530
Hin Pee Wee.2025-09-09.Stationary,Hin Pee Wee,Sattakut,Natural,2025-09-09,Stationary,5,86,0,86,1,530
No Name Wreck.2025-09-09.Stationary,No Name Wreck,No Name,Artificial,2025-09-09,Stationary,1,128,12,140,0.9142857142857143,530
No Name Wreck.2025-09-09.Stationary,No Name Wreck,No Name,Artificial,2025-09-09,Stationary,5,24,0,24,1,530
Aow Mao.2025-09-10.Stationary,Aow Mao,Aow Mao,Natural,2025-09-10,Stationary,1,114,28,142,0.8028169014084507,531
Aow Mao.2025-09-10.Stationary,Aow Mao,Aow Mao,Natural,2025-09-10,Stationary,5,10,3,13,0.7692307692307693,531
Aow Mao Wreck.2025-09-18.Stationary,Aow Mao Wreck,Aow Mao,Artificial,2025-09-18,Stationary,1,123,17,140,0.8785714285714286,539
Aow Mao Wreck.2025-09-18.Stationary,Aow Mao Wreck,Aow Mao,Artificial,2025-09-18,Stationary,5,79,3,82,0.9634146341463414,539
Aow Mao Wreck.2025-09-25.Stationary,Aow Mao Wreck,Aow Mao,Artificial,2025-09-25,Stationary,1,240,7,247,0.97165991902834,546
Aow Mao Wreck.2025-09-25.Stationary,Aow Mao Wreck,Aow Mao,Artificial,2025-09-25,Stationary,5,75,3,78,0.9615384615384616,546
Aow Mao.2025-10-06.Stationary,Aow Mao,Aow Mao,Natural,2025-10-06,Stationary,1,215,14,229,0.9388646288209607,557
Aow Mao.2025-10-06.Stationary,Aow Mao,Aow Mao,Natural,2025-10-06,Stationary,5,14,14,28,0.5,557
Aow Mao Wreck.2025-10-06.Stationary,Aow Mao Wreck,Aow Mao,Artificial,2025-10-06,Stationary,1,362,4,366,0.9890710382513661,557
Aow Mao Wreck.2025-10-06.Stationary,Aow Mao Wreck,Aow Mao,Artificial,2025-10-06,Stationary,5,184,139,323,0.5696594427244582,557
No Name Pinnacle.2025-10-08.Stationary,No Name Pinnacle,No Name,Natural,2025-10-08,Stationary,1,165,14,179,0.9217877094972067,559
No Name Pinnacle.2025-10-08.Stationary,No Name Pinnacle,No Name,Natural,2025-10-08,Stationary,5,31,17,48,0.6458333333333334,559
No Name Wreck.2025-10-08.Stationary,No Name Wreck,No Name,Artificial,2025-10-08,Stationary,1,58,6,64,0.90625,559
No Name Wreck.2025-10-08.Stationary,No Name Wreck,No Name,Artificial,2025-10-08,Stationary,5,517,2,519,0.9961464354527938,559
Sattakut.2025-10-08.Stationary,Sattakut,Sattakut,Artificial,2025-10-08,Stationary,1,391,49,440,0.8886363636363637,559
Sattakut.2025-10-08.Stationary,Sattakut,Sattakut,Artificial,2025-10-08,Stationary,5,7,11,18,0.3888888888888889,559
Hin Pee Wee.2025-10-09.Stationary,Hin Pee Wee,Sattakut,Natural,2025-10-09,Stationary,1,197,11,208,0.9471153846153846,560
Hin Pee Wee.2025-10-09.Stationary,Hin Pee Wee,Sattakut,Natural,2025-10-09,Stationary,5,5,1,6,0.8333333333333334,560
Sattakut.2025-10-09.Stationary,Sattakut,Sattakut,Artificial,2025-10-09,Stationary,1,144,2,146,0.9863013698630136,560
Sattakut.2025-10-09.Stationary,Sattakut,Sattakut,Artificial,2025-10-09,Stationary,5,34,15,49,0.6938775510204082,560
Aow Mao.2025-10-15.Stationary,Aow Mao,Aow Mao,Natural,2025-10-15,Stationary,1,81,3,84,0.9642857142857143,566
Aow Mao.2025-10-15.Stationary,Aow Mao,Aow Mao,Natural,2025-10-15,Stationary,5,48,5,53,0.9056603773584906,566
Aow Mao Wreck.2025-10-15.Stationary,Aow Mao Wreck,Aow Mao,Artificial,2025-10-15,Stationary,1,74,7,81,0.9135802469135802,566
Aow Mao Wreck.2025-10-15.Stationary,Aow Mao Wreck,Aow Mao,Artificial,2025-10-15,Stationary,5,39,1,40,0.975,566
Aow Mao Wreck.2025-10-17.Stationary,Aow Mao Wreck,Aow Mao,Artificial,2025-10-17,Stationary,1,98,6,104,0.9423076923076923,568
Aow Mao Wreck.2025-10-17.Stationary,Aow Mao Wreck,Aow Mao,Artificial,2025-10-17,Stationary,5,18,0,18,1,568
Aow Mao.2025-10-20.Stationary,Aow Mao,Aow Mao,Natural,2025-10-20,Stationary,1,137,0,137,1,571
Aow Mao.2025-10-20.Stationary,Aow Mao,Aow Mao,Natural,2025-10-20,Stationary,5,201,1,202,0.995049504950495,571
Hin Pee Wee.2025-10-22.Stationary,Hin Pee Wee,Sattakut,Natural,2025-10-22,Stationary,1,97,2,99,0.9797979797979798,573
Hin Pee Wee.2025-10-22.Stationary,Hin Pee Wee,Sattakut,Natural,2025-10-22,Stationary,5,53,3,56,0.9464285714285714,573
No Name Pinnacle.2025-10-22.Stationary,No Name Pinnacle,No Name,Natural,2025-10-22,Stationary,1,269,27,296,0.9087837837837838,573
No Name Pinnacle.2025-10-22.Stationary,No Name Pinnacle,No Name,Natural,2025-10-22,Stationary,5,58,10,68,0.8529411764705882,573
No Name Wreck.2025-10-22.Stationary,No Name Wreck,No Name,Artificial,2025-10-22,Stationary,1,140,0,140,1,573
No Name Wreck.2025-10-22.Stationary,No Name Wreck,No Name,Artificial,2025-10-22,Stationary,5,27,0,27,1,573
Sattakut.2025-10-22.Stationary,Sattakut,Sattakut,Artificial,2025-10-22,Stationary,5,3,4,7,0.42857142857142855,573
