survey_id,Site,Pair,Type,Date,Count.Type,Inclusion_m,date_num,juv,adult,juv_per100,adult_per100
No Name Wreck.2024-03-28.Belt,No Name Wreck,No Name,Artificial,2024-03-28,Belt,5,0,25,2,500,40
Hin Pee Wee.2024-08-04.Belt,Hin Pee Wee,Sattakut,Natural,2024-08-04,Belt,5,129,62,153,1240,3060
No Name Pinnacle.2024-09-28.Belt,No Name Pinnacle,No Name,Natural,2024-09-28,Belt,5,184,18,10,360,200
Sattakut.2024-09-28.Belt,Sattakut,Sattakut,Artificial,2024-09-28,Belt,5,184,66,167,1320,3340
No Name Pinnacle.2024-10-04.Belt,No Name Pinnacle,No Name,Natural,2024-10-04,Belt,5,190,11,3,220,60
No Name Wreck.2024-10-04.Belt,No Name Wreck,No Name,Artificial,2024-10-04,Belt,5,190,3,5,60,100
Aow Mao Wreck.2024-10-08.Belt,Aow Mao Wreck,Aow Mao,Artificial,2024-10-08,Belt,5,194,10,29,200,580
Aow Mao.2024-10-25.Belt,Aow Mao,Aow Mao,Natural,2024-10-25,Belt,5,211,18,163,360,3260
No Name Wreck.2025-02-10.Belt,No Name Wreck,No Name,Artificial,2025-02-10,Belt,5,319,1,19,20,380
Hin Pee Wee.2025-02-11.Belt,Hin Pee Wee,Sattakut,Natural,2025-02-11,Belt,5,320,46,111,920,2220
Hin Pee Wee.2025-02-12.Belt,Hin Pee Wee,Sattakut,Natural,2025-02-12,Belt,5,321,16,4,320,80
Sattakut.2025-02-12.Belt,Sattakut,Sattakut,Artificial,2025-02-12,Belt,5,321,6,102,120,2040
Hin Pee Wee.2025-02-17.Belt,Hin Pee Wee,Sattakut,Natural,2025-02-17,Belt,5,326,24,28,480,560
No Name Wreck.2025-02-18.Belt,No Name Wreck,No Name,Artificial,2025-02-18,Belt,5,327,18,45,360,900
No Name Pinnacle.2025-02-19.Belt,No Name Pinnacle,No Name,Natural,2025-02-19,Belt,5,328,29,12,580,240
No Name Wreck.2025-02-27.Belt,No Name Wreck,No Name,Artificial,2025-02-27,Belt,5,336,4,17,80,340
Sattakut.2025-02-27.Belt,Sattakut,Sattakut,Artificial,2025-02-27,Belt,5,336,107,160,2140,3200
No Name Pinnacle.2025-02-28.Belt,No Name Pinnacle,No Name,Natural,2025-02-28,Belt,5,337,14,3,280,60
No Name Wreck.2025-02-28.Belt,No Name Wreck,No Name,Artificial,2025-02-28,Belt,5,337,3,32,60,640
No Name Wreck.2025-03-03.Belt,No Name Wreck,No Name,Artificial,2025-03-03,Belt,5,340,3,10,60,200
Aow Mao.2025-03-05.Belt,Aow Mao,Aow Mao,Natural,2025-03-05,Belt,5,342,2,0,40,0
Aow Mao Wreck.2025-03-05.Belt,Aow Mao Wreck,Aow Mao,Artificial,2025-03-05,Belt,5,342,14,36,280,720
Aow Mao Wreck.2025-03-13.Belt,Aow Mao Wreck,Aow Mao,Artificial,2025-03-13,Belt,5,350,10,28,200,560
Sattakut.2025-03-19.Belt,Sattakut,Sattakut,Artificial,2025-03-19,Belt,5,356,16,37,320,740
No Name Pinnacle.2025-03-24.Belt,No Name Pinnacle,No Name,Natural,2025-03-24,Belt,5,361,13,5,260,100
No Name Wreck.2025-03-24.Belt,No Name Wreck,No Name,Artificial,2025-03-24,Belt,5,361,20,29,400,580
Aow Mao.2025-03-27.Belt,Aow Mao,Aow Mao,Natural,2025-03-27,Belt,5,364,8,72,160,1440
Aow Mao Wreck.2025-03-27.Belt,Aow Mao Wreck,Aow Mao,Artificial,2025-03-27,Belt,5,364,20,211,400,4220
Aow Mao.2025-04-10.Belt,Aow Mao,Aow Mao,Natural,2025-04-10,Belt,5,378,12,9,240,180
Aow Mao Wreck.2025-04-10.Belt,Aow Mao Wreck,Aow Mao,Artificial,2025-04-10,Belt,5,378,51,12,1020,240
No Name Pinnacle.2025-04-23.Belt,No Name Pinnacle,No Name,Natural,2025-04-23,Belt,5,391,19,8,380,160
No Name Wreck.2025-04-23.Belt,No Name Wreck,No Name,Artificial,2025-04-23,Belt,5,391,19,39,380,780
Hin Pee Wee.2025-04-28.Belt,Hin Pee Wee,Sattakut,Natural,2025-04-28,Belt,5,396,373,614,7460,12280
No Name Wreck.2025-05-05.Belt,No Name Wreck,No Name,Artificial,2025-05-05,Belt,5,403,1,19,20,380
Aow Mao.2025-05-07.Belt,Aow Mao,Aow Mao,Natural,2025-05-07,Belt,5,405,5,0,100,0
Hin Pee Wee.2025-05-13.Belt,Hin Pee Wee,Sattakut,Natural,2025-05-13,Belt,5,411,2,5,40,100
Aow Mao Wreck.2025-05-27.Belt,Aow Mao Wreck,Aow Mao,Artificial,2025-05-27,Belt,5,425,6,4,120,80
Sattakut.2025-05-29.Belt,Sattakut,Sattakut,Artificial,2025-05-29,Belt,5,427,75,73,1500,1460
Aow Mao Wreck.2025-06-03.Belt,Aow Mao Wreck,Aow Mao,Artificial,2025-06-03,Belt,5,432,21,42,420,840
Aow Mao.2025-06-10.Belt,Aow Mao,Aow Mao,Natural,2025-06-10,Belt,5,439,12,13,240,260
Aow Mao Wreck.2025-06-10.Belt,Aow Mao Wreck,Aow Mao,Artificial,2025-06-10,Belt,5,439,6,17,120,340
Aow Mao.2025-06-18.Belt,Aow Mao,Aow Mao,Natural,2025-06-18,Belt,5,447,6,2,120,40
No Name Pinnacle.2025-06-23.Belt,No Name Pinnacle,No Name,Natural,2025-06-23,Belt,5,452,16,4,320,80
No Name Wreck.2025-06-23.Belt,No Name Wreck,No Name,Artificial,2025-06-23,Belt,5,452,7,8,140,160
Hin Pee Wee.2025-06-24.Belt,Hin Pee Wee,Sattakut,Natural,2025-06-24,Belt,5,453,260,207,5200,4140
No Name Pinnacle.2025-06-24.Belt,No Name Pinnacle,No Name,Natural,2025-06-24,Belt,5,453,19,5,380,100
No Name Wreck.2025-06-24.Belt,No Name Wreck,No Name,Artificial,2025-06-24,Belt,5,453,5,9,100,180
No Name Pinnacle.2025-07-28.Belt,No Name Pinnacle,No Name,Natural,2025-07-28,Belt,5,487,5,3,100,60
No Name Wreck.2025-07-28.Belt,No Name Wreck,No Name,Artificial,2025-07-28,Belt,5,487,13,15,260,300
Hin Pee Wee.2025-08-04.Belt,Hin Pee Wee,Sattakut,Natural,2025-08-04,Belt,5,494,45,8,900,160
No Name Pinnacle.2025-08-05.Belt,No Name Pinnacle,No Name,Natural,2025-08-05,Belt,5,495,3,1,60,20
No Name Wreck.2025-08-05.Belt,No Name Wreck,No Name,Artificial,2025-08-05,Belt,5,495,8,10,160,200
Aow Mao Wreck.2025-08-08.Belt,Aow Mao Wreck,Aow Mao,Artificial,2025-08-08,Belt,5,498,47,143,940,2860
Aow Mao.2025-08-13.Belt,Aow Mao,Aow Mao,Natural,2025-08-13,Belt,5,503,2,2,40,40
Aow Mao Wreck.2025-08-13.Belt,Aow Mao Wreck,Aow Mao,Artificial,2025-08-13,Belt,5,503,19,37,380,740
No Name Pinnacle.2025-08-19.Belt,No Name Pinnacle,No Name,Natural,2025-08-19,Belt,5,509,17,2,340,40
No Name Wreck.2025-08-19.Belt,No Name Wreck,No Name,Artificial,2025-08-19,Belt,5,509,19,12,380,240
Aow Mao Wreck.2025-08-20.Belt,Aow Mao Wreck,Aow Mao,Artificial,2025-08-20,Belt,5,510,32,38,640,760
Aow Mao Wreck.2025-08-21.Belt,Aow Mao Wreck,Aow Mao,Artificial,2025-08-21,Belt,5,511,21,37,420,740
Sattakut.2025-08-21.Belt,Sattakut,Sattakut,Artificial,2025-08-21,Belt,5,511,18,93,360,1860
Hin Pee Wee.2025-09-03.Belt,Hin Pee Wee,Sattakut,Natural,2025-09-03,Belt,5,524,107,711,2140,14220
Hin Pee Wee.2025-09-09.Belt,Hin Pee Wee,Sattakut,Natural,2025-09-09,Belt,5,530,66,113,1320,2260
No Name Wreck.2025-09-09.Belt,No Name Wreck,No Name,Artificial,2025-09-09,Belt,5,530,8,28,160,560
Aow Mao.2025-09-10.Belt,Aow Mao,Aow Mao,Natural,2025-09-10,Belt,5,531,8,57,160,1140
Aow Mao Wreck.2025-09-18.Belt,Aow Mao Wreck,Aow Mao,Artificial,2025-09-18,Belt,5,539,48,99,960,1980
Aow Mao Wreck.2025-09-25.Belt,Aow Mao Wreck,Aow Mao,Artificial,2025-09-25,Belt,5,546,23,70,460,1400
Aow Mao.2025-10-06.Belt,Aow Mao,Aow Mao,Natural,2025-10-06,Belt,5,557,22,4,440,80
Aow Mao Wreck.2025-10-06.Belt,Aow Mao Wreck,Aow Mao,Artificial,2025-10-06,Belt,5,557,80,39,1600,780
No Name Pinnacle.2025-10-08.Belt,No Name Pinnacle,No Name,Natural,2025-10-08,Belt,5,559,26,10,520,200
No Name Wreck.2025-10-08.Belt,No Name Wreck,No Name,Artificial,2025-10-08,Belt,5,559,16,25,320,500
Sattakut.2025-10-08.Belt,Sattakut,Sattakut,Artificial,2025-10-08,Belt,5,559,162,101,3240,2020
Hin Pee Wee.2025-10-09.Belt,Hin Pee Wee,Sattakut,Natural,2025-10-09,Belt,5,560,3,3,60,60
Sattakut.2025-10-09.Belt,Sattakut,Sattakut,Artificial,2025-10-09,Belt,5,560,110,272,2200,5440
Aow Mao.2025-10-15.Belt,Aow Mao,Aow Mao,Natural,2025-10-15,Belt,5,566,13,0,260,0
Aow Mao Wreck.2025-10-15.Belt,Aow Mao Wreck,Aow Mao,Artificial,2025-10-15,Belt,5,566,23,65,460,1300
Aow Mao Wreck.2025-10-17.Belt,Aow Mao Wreck,Aow Mao,Artificial,2025-10-17,Belt,5,568,44,47,880,940
Aow Mao.2025-10-20.Belt,Aow Mao,Aow Mao,Natural,2025-10-20,Belt,5,571,2,0,40,0
Hin Pee Wee.2025-10-22.Belt,Hin Pee Wee,Sattakut,Natural,2025-10-22,Belt,5,573,5,0,100,0
No Name Pinnacle.2025-10-22.Belt,No Name Pinnacle,No Name,Natural,2025-10-22,Belt,5,573,2,1,40,20
No Name Wreck.2025-10-22.Belt,No Name Wreck,No Name,Artificial,2025-10-22,Belt,5,573,10,0,200,0
Sattakut.2025-10-22.Belt,Sattakut,Sattakut,Artificial,2025-10-22,Belt,5,573,94,52,1880,1040
No Name Wreck.2024-03-28.Stationary,No Name Wreck,No Name,Artificial,2024-03-28,Stationary,1,0,136,26,13600,2600
No Name Wreck.2024-03-28.Stationary,No Name Wreck,No Name,Artificial,2024-03-28,Stationary,5,0,125,22,2500,440
Hin Pee Wee.2024-08-04.Stationary,Hin Pee Wee,Sattakut,Natural,2024-08-04,Stationary,1,129,203,4,20300,400
Hin Pee Wee.2024-08-04.Stationary,Hin Pee Wee,Sattakut,Natural,2024-08-04,Stationary,5,129,59,21,1180,420
No Name Pinnacle.2024-09-28.Stationary,No Name Pinnacle,No Name,Natural,2024-09-28,Stationary,1,184,106,3,10600,300
No Name Pinnacle.2024-09-28.Stationary,No Name Pinnacle,No Name,Natural,2024-09-28,Stationary,5,184,54,21,1080,420
Sattakut.2024-09-28.Stationary,Sattakut,Sattakut,Artificial,2024-09-28,Stationary,1,184,35,4,3500,400
Sattakut.2024-09-28.Stationary,Sattakut,Sattakut,Artificial,2024-09-28,Stationary,5,184,30,9,600,180
No Name Pinnacle.2024-10-04.Stationary,No Name Pinnacle,No Name,Natural,2024-10-04,Stationary,1,190,262,1,26200,100
No Name Pinnacle.2024-10-04.Stationary,No Name Pinnacle,No Name,Natural,2024-10-04,Stationary,5,190,42,31,840,620
No Name Wreck.2024-10-04.Stationary,No Name Wreck,No Name,Artificial,2024-10-04,Stationary,1,190,104,0,10400,0
No Name Wreck.2024-10-04.Stationary,No Name Wreck,No Name,Artificial,2024-10-04,Stationary,5,190,3,2,60,40
Aow Mao Wreck.2024-10-08.Stationary,Aow Mao Wreck,Aow Mao,Artificial,2024-10-08,Stationary,1,194,331,5,33100,500
Aow Mao Wreck.2024-10-08.Stationary,Aow Mao Wreck,Aow Mao,Artificial,2024-10-08,Stationary,5,194,189,10,3780,200
Aow Mao.2024-10-25.Stationary,Aow Mao,Aow Mao,Natural,2024-10-25,Stationary,1,211,155,1,15500,100
Aow Mao.2024-10-25.Stationary,Aow Mao,Aow Mao,Natural,2024-10-25,Stationary,5,211,141,29,2820,580
No Name Wreck.2025-02-10.Stationary,No Name Wreck,No Name,Artificial,2025-02-10,Stationary,1,319,100,0,10000,0
No Name Wreck.2025-02-10.Stationary,No Name Wreck,No Name,Artificial,2025-02-10,Stationary,5,319,35,0,700,0
Hin Pee Wee.2025-02-11.Stationary,Hin Pee Wee,Sattakut,Natural,2025-02-11,Stationary,1,320,127,2,12700,200
Hin Pee Wee.2025-02-11.Stationary,Hin Pee Wee,Sattakut,Natural,2025-02-11,Stationary,5,320,40,3,800,60
Hin Pee Wee.2025-02-12.Stationary,Hin Pee Wee,Sattakut,Natural,2025-02-12,Stationary,1,321,29,3,2900,300
Hin Pee Wee.2025-02-12.Stationary,Hin Pee Wee,Sattakut,Natural,2025-02-12,Stationary,5,321,9,0,180,0
Sattakut.2025-02-12.Stationary,Sattakut,Sattakut,Artificial,2025-02-12,Stationary,1,321,274,4,27400,400
Hin Pee Wee.2025-02-17.Stationary,Hin Pee Wee,Sattakut,Natural,2025-02-17,Stationary,1,326,82,0,8200,0
Hin Pee Wee.2025-02-17.Stationary,Hin Pee Wee,Sattakut,Natural,2025-02-17,Stationary,5,326,37,0,740,0
No Name Wreck.2025-02-18.Stationary,No Name Wreck,No Name,Artificial,2025-02-18,Stationary,1,327,261,2,26100,200
No Name Wreck.2025-02-18.Stationary,No Name Wreck,No Name,Artificial,2025-02-18,Stationary,5,327,2196,1,43920,20
No Name Pinnacle.2025-02-19.Stationary,No Name Pinnacle,No Name,Natural,2025-02-19,Stationary,1,328,129,1,12900,100
No Name Pinnacle.2025-02-19.Stationary,No Name Pinnacle,No Name,Natural,2025-02-19,Stationary,5,328,7,1,140,20
No Name Wreck.2025-02-27.Stationary,No Name Wreck,No Name,Artificial,2025-02-27,Stationary,1,336,84,0,8400,0
No Name Wreck.2025-02-27.Stationary,No Name Wreck,No Name,Artificial,2025-02-27,Stationary,5,336,2,1,40,20
Sattakut.2025-02-27.Stationary,Sattakut,Sattakut,Artificial,2025-02-27,Stationary,1,336,59,0,5900,0
Sattakut.2025-02-27.Stationary,Sattakut,Sattakut,Artificial,2025-02-27,Stationary,5,336,13,0,260,0
No Name Pinnacle.2025-02-28.Stationary,No Name Pinnacle,No Name,Natural,2025-02-28,Stationary,1,337,13,0,1300,0
No Name Pinnacle.2025-02-28.Stationary,No Name Pinnacle,No Name,Natural,2025-02-28,Stationary,5,337,77,6,1540,120
No Name Wreck.2025-02-28.Stationary,No Name Wreck,No Name,Artificial,2025-02-28,Stationary,1,337,350,2,35000,200
No Name Wreck.2025-02-28.Stationary,No Name Wreck,No Name,Artificial,2025-02-28,Stationary,5,337,182,10,3640,200
No Name Wreck.2025-03-03.Stationary,No Name Wreck,No Name,Artificial,2025-03-03,Stationary,1,340,353,1,35300,100
No Name Wreck.2025-03-03.Stationary,No Name Wreck,No Name,Artificial,2025-03-03,Stationary,5,340,54,0,1080,0
Aow Mao.2025-03-05.Stationary,Aow Mao,Aow Mao,Natural,2025-03-05,Stationary,1,342,62,7,6200,700
Aow Mao.2025-03-05.Stationary,Aow Mao,Aow Mao,Natural,2025-03-05,Stationary,5,342,14,3,280,60
Aow Mao Wreck.2025-03-05.Stationary,Aow Mao Wreck,Aow Mao,Artificial,2025-03-05,Stationary,1,342,32,1,3200,100
Aow Mao Wreck.2025-03-05.Stationary,Aow Mao Wreck,Aow Mao,Artificial,2025-03-05,Stationary,5,342,228,2,4560,40
Aow Mao Wreck.2025-03-13.Stationary,Aow Mao Wreck,Aow Mao,Artificial,2025-03-13,Stationary,1,350,195,6,19500,600
Aow Mao Wreck.2025-03-13.Stationary,Aow Mao Wreck,Aow Mao,Artificial,2025-03-13,Stationary,5,350,45,0,900,0
Sattakut.2025-03-19.Stationary,Sattakut,Sattakut,Artificial,2025-03-19,Stationary,1,356,392,4,39200,400
Sattakut.2025-03-19.Stationary,Sattakut,Sattakut,Artificial,2025-03-19,Stationary,5,356,92,3,1840,60
No Name Pinnacle.2025-03-24.Stationary,No Name Pinnacle,No Name,Natural,2025-03-24,Stationary,1,361,184,20,18400,2000
No Name Pinnacle.2025-03-24.Stationary,No Name Pinnacle,No Name,Natural,2025-03-24,Stationary,5,361,265,0,5300,0
No Name Wreck.2025-03-24.Stationary,No Name Wreck,No Name,Artificial,2025-03-24,Stationary,1,361,241,8,24100,800
No Name Wreck.2025-03-24.Stationary,No Name Wreck,No Name,Artificial,2025-03-24,Stationary,5,361,158,2,3160,40
Aow Mao.2025-03-27.Stationary,Aow Mao,Aow Mao,Natural,2025-03-27,Stationary,1,364,206,35,20600,3500
Aow Mao.2025-03-27.Stationary,Aow Mao,Aow Mao,Natural,2025-03-27,Stationary,5,364,28,17,560,340
Aow Mao Wreck.2025-03-27.Stationary,Aow Mao Wreck,Aow Mao,Artificial,2025-03-27,Stationary,1,364,4377,2,437700,200
Aow Mao Wreck.2025-03-27.Stationary,Aow Mao Wreck,Aow Mao,Artificial,2025-03-27,Stationary,5,364,94,52,1880,1040
Aow Mao.2025-04-10.Stationary,Aow Mao,Aow Mao,Natural,2025-04-10,Stationary,1,378,72,4,7200,400
Aow Mao.2025-04-10.Stationary,Aow Mao,Aow Mao,Natural,2025-04-10,Stationary,5,378,32,9,640,180
Aow Mao Wreck.2025-04-10.Stationary,Aow Mao Wreck,Aow Mao,Artificial,2025-04-10,Stationary,1,378,71,2,7100,200
Aow Mao Wreck.2025-04-10.Stationary,Aow Mao Wreck,Aow Mao,Artificial,2025-04-10,Stationary,5,378,242,3,4840,60
No Name Pinnacle.2025-04-23.Stationary,No Name Pinnacle,No Name,Natural,2025-04-23,Stationary,1,391,141,3,14100,300
No Name Pinnacle.2025-04-23.Stationary,No Name Pinnacle,No Name,Natural,2025-04-23,Stationary,5,391,38,17,760,340
No Name Wreck.2025-04-23.Stationary,No Name Wreck,No Name,Artificial,2025-04-23,Stationary,1,391,84,2,8400,200
No Name Wreck.2025-04-23.Stationary,No Name Wreck,No Name,Artificial,2025-04-23,Stationary,5,391,148,4,2960,80
Hin Pee Wee.2025-04-28.Stationary,Hin Pee Wee,Sattakut,Natural,2025-04-28,Stationary,1,396,211,2,21100,200
Hin Pee Wee.2025-04-28.Stationary,Hin Pee Wee,Sattakut,Natural,2025-04-28,Stationary,5,396,130,10,2600,200
No Name Wreck.2025-05-05.Stationary,No Name Wreck,No Name,Artificial,2025-05-05,Stationary,1,403,196,2,19600,200
No Name Wreck.2025-05-05.Stationary,No Name Wreck,No Name,Artificial,2025-05-05,Stationary,5,403,49,44,980,880
Aow Mao.2025-05-07.Stationary,Aow Mao,Aow Mao,Natural,2025-05-07,Stationary,1,405,136,0,13600,0
Aow Mao.2025-05-07.Stationary,Aow Mao,Aow Mao,Natural,2025-05-07,Stationary,5,405,21,8,420,160
Hin Pee Wee.2025-05-13.Stationary,Hin Pee Wee,Sattakut,Natural,2025-05-13,Stationary,1,411,788,12,78800,1200
Hin Pee Wee.2025-05-13.Stationary,Hin Pee Wee,Sattakut,Natural,2025-05-13,Stationary,5,411,15,9,300,180
Aow Mao Wreck.2025-05-27.Stationary,Aow Mao Wreck,Aow Mao,Artificial,2025-05-27,Stationary,5,425,80,0,1600,0
Sattakut.2025-05-29.Stationary,Sattakut,Sattakut,Artificial,2025-05-29,Stationary,1,427,153,1,15300,100
Sattakut.2025-05-29.Stationary,Sattakut,Sattakut,Artificial,2025-05-29,Stationary,5,427,44,6,880,120
Aow Mao Wreck.2025-06-03.Stationary,Aow Mao Wreck,Aow Mao,Artificial,2025-06-03,Stationary,1,432,33,3,3300,300
Aow Mao Wreck.2025-06-03.Stationary,Aow Mao Wreck,Aow Mao,Artificial,2025-06-03,Stationary,5,432,8,38,160,760
Aow Mao.2025-06-10.Stationary,Aow Mao,Aow Mao,Natural,2025-06-10,Stationary,1,439,19,6,1900,600
Aow Mao.2025-06-10.Stationary,Aow Mao,Aow Mao,Natural,2025-06-10,Stationary,5,439,28,5,560,100
Aow Mao Wreck.2025-06-10.Stationary,Aow Mao Wreck,Aow Mao,Artificial,2025-06-10,Stationary,1,439,154,0,15400,0
Aow Mao Wreck.2025-06-10.Stationary,Aow Mao Wreck,Aow Mao,Artificial,2025-06-10,Stationary,5,439,15,1,300,20
Aow Mao.2025-06-18.Stationary,Aow Mao,Aow Mao,Natural,2025-06-18,Stationary,1,447,108,6,10800,600
Aow Mao.2025-06-18.Stationary,Aow Mao,Aow Mao,Natural,2025-06-18,Stationary,5,447,3,2,60,40
No Name Pinnacle.2025-06-23.Stationary,No Name Pinnacle,No Name,Natural,2025-06-23,Stationary,1,452,82,8,8200,800
No Name Pinnacle.2025-06-23.Stationary,No Name Pinnacle,No Name,Natural,2025-06-23,Stationary,5,452,110,11,2200,220
No Name Wreck.2025-06-23.Stationary,No Name Wreck,No Name,Artificial,2025-06-23,Stationary,1,452,86,0,8600,0
No Name Wreck.2025-06-23.Stationary,No Name Wreck,No Name,Artificial,2025-06-23,Stationary,5,452,13,4,260,80
Hin Pee Wee.2025-06-24.Stationary,Hin Pee Wee,Sattakut,Natural,2025-06-24,Stationary,1,453,531,29,53100,2900
Hin Pee Wee.2025-06-24.Stationary,Hin Pee Wee,Sattakut,Natural,2025-06-24,Stationary,5,453,158,2,3160,40
No Name Pinnacle.2025-06-24.Stationary,No Name Pinnacle,No Name,Natural,2025-06-24,Stationary,1,453,154,23,15400,2300
No Name Pinnacle.2025-06-24.Stationary,No Name Pinnacle,No Name,Natural,2025-06-24,Stationary,5,453,53,16,1060,320
No Name Wreck.2025-06-24.Stationary,No Name Wreck,No Name,Artificial,2025-06-24,Stationary,1,453,304,21,30400,2100
No Name Pinnacle.2025-07-28.Stationary,No Name Pinnacle,No Name,Natural,2025-07-28,Stationary,1,487,131,71,13100,7100
No Name Pinnacle.2025-07-28.Stationary,No Name Pinnacle,No Name,Natural,2025-07-28,Stationary,5,487,7,7,140,140
No Name Wreck.2025-07-28.Stationary,No Name Wreck,No Name,Artificial,2025-07-28,Stationary,1,487,236,0,23600,0
No Name Wreck.2025-07-28.Stationary,No Name Wreck,No Name,Artificial,2025-07-28,Stationary,5,487,42,4,840,80
Hin Pee Wee.2025-08-04.Stationary,Hin Pee Wee,Sattakut,Natural,2025-08-04,Stationary,1,494,414,0,41400,0
Hin Pee Wee.2025-08-04.Stationary,Hin Pee Wee,Sattakut,Natural,2025-08-04,Stationary,5,494,18,14,360,280
No Name Pinnacle.2025-08-05.Stationary,No Name Pinnacle,No Name,Natural,2025-08-05,Stationary,5,495,16,4,320,80
No Name Wreck.2025-08-05.Stationary,No Name Wreck,No Name,Artificial,2025-08-05,Stationary,1,495,210,20,21000,2000
No Name Wreck.2025-08-05.Stationary,No Name Wreck,No Name,Artificial,2025-08-05,Stationary,5,495,69,3,1380,60
No Name Pinnacle.2025-08-06.Stationary,No Name Pinnacle,No Name,Natural,2025-08-06,Stationary,1,496,132,1,13200,100
Aow Mao Wreck.2025-08-08.Stationary,Aow Mao Wreck,Aow Mao,Artificial,2025-08-08,Stationary,1,498,988,163,98800,16300
Aow Mao Wreck.2025-08-08.Stationary,Aow Mao Wreck,Aow Mao,Artificial,2025-08-08,Stationary,5,498,24,0,480,0
Aow Mao.2025-08-13.Stationary,Aow Mao,Aow Mao,Natural,2025-08-13,Stationary,1,503,48,0,4800,0
Aow Mao.2025-08-13.Stationary,Aow Mao,Aow Mao,Natural,2025-08-13,Stationary,5,503,11,5,220,100
Aow Mao Wreck.2025-08-13.Stationary,Aow Mao Wreck,Aow Mao,Artificial,2025-08-13,Stationary,1,503,120,17,12000,1700
Aow Mao Wreck.2025-08-13.Stationary,Aow Mao Wreck,Aow Mao,Artificial,2025-08-13,Stationary,5,503,105,0,2100,0
No Name Pinnacle.2025-08-19.Stationary,No Name Pinnacle,No Name,Natural,2025-08-19,Stationary,1,509,849,36,84900,3600
No Name Pinnacle.2025-08-19.Stationary,No Name Pinnacle,No Name,Natural,2025-08-19,Stationary,5,509,43,8,860,160
No Name Wreck.2025-08-19.Stationary,No Name Wreck,No Name,Artificial,2025-08-19,Stationary,1,509,217,48,21700,4800
No Name Wreck.2025-08-19.Stationary,No Name Wreck,No Name,Artificial,2025-08-19,Stationary,5,509,47,1,940,20
Aow Mao Wreck.2025-08-20.Stationary,Aow Mao Wreck,Aow Mao,Artificial,2025-08-20,Stationary,1,510,306,9,30600,900
Aow Mao Wreck.2025-08-20.Stationary,Aow Mao Wreck,Aow Mao,Artificial,2025-08-20,Stationary,5,510,8,1,160,20
Aow Mao Wreck.2025-08-21.Stationary,Aow Mao Wreck,Aow Mao,Artificial,2025-08-21,Stationary,1,511,101,1,10100,100
Aow Mao Wreck.2025-08-21.Stationary,Aow Mao Wreck,Aow Mao,Artificial,2025-08-21,Stationary,5,511,103,0,2060,0
Sattakut.2025-08-21.Stationary,Sattakut,Sattakut,Artificial,2025-08-21,Stationary,1,511,168,28,16800,2800
Hin Pee Wee.2025-09-03.Stationary,Hin Pee Wee,Sattakut,Natural,2025-09-03,Stationary,1,524,107,18,10700,1800
Hin Pee Wee.2025-09-03.Stationary,Hin Pee Wee,Sattakut,Natural,2025-09-03,Stationary,5,524,68,4,1360,80
Hin Pee Wee.2025-09-09.Stationary,Hin Pee Wee,Sattakut,Natural,2025-09-09,Stationary,1,530,224,46,22400,4600
Hin Pee Wee.2025-09-09.Stationary,Hin Pee Wee,Sattakut,Natural,2025-09-09,Stationary,5,530,86,0,1720,0
No Name Wreck.2025-09-09.Stationary,No Name Wreck,No Name,Artificial,2025-09-09,Stationary,1,530,128,12,12800,1200
No Name Wreck.2025-09-09.Stationary,No Name Wreck,No Name,Artificial,2025-09-09,Stationary,5,530,24,0,480,0
Aow Mao.2025-09-10.Stationary,Aow Mao,Aow Mao,Natural,2025-09-10,Stationary,1,531,114,28,11400,2800
Aow Mao.2025-09-10.Stationary,Aow Mao,Aow Mao,Natural,2025-09-10,Stationary,5,531,10,3,200,60
Aow Mao Wreck.2025-09-18.Stationary,Aow Mao Wreck,Aow Mao,Artificial,2025-09-18,Stationary,1,539,123,17,12300,1700
Aow Mao Wreck.2025-09-18.Stationary,Aow Mao Wreck,Aow Mao,Artificial,2025-09-18,Stationary,5,539,79,3,1580,60
Aow Mao Wreck.2025-09-25.Stationary,Aow Mao Wreck,Aow Mao,Artificial,2025-09-25,Stationary,1,546,240,7,24000,700
Aow Mao Wreck.2025-09-25.Stationary,Aow Mao Wreck,Aow Mao,Artificial,2025-09-25,Stationary,5,546,75,3,1500,60
Aow Mao.2025-10-06.Stationary,Aow Mao,Aow Mao,Natural,2025-10-06,Stationary,1,557,215,14,21500,1400
Aow Mao.2025-10-06.Stationary,Aow Mao,Aow Mao,Natural,2025-10-06,Stationary,5,557,14,14,280,280
Aow Mao Wreck.2025-10-06.Stationary,Aow Mao Wreck,Aow Mao,Artificial,2025-10-06,Stationary,1,557,362,4,36200,400
Aow Mao Wreck.2025-10-06.Stationary,Aow Mao Wreck,Aow Mao,Artificial,2025-10-06,Stationary,5,557,184,139,3680,2780
No Name Pinnacle.2025-10-08.Stationary,No Name Pinnacle,No Name,Natural,2025-10-08,Stationary,1,559,165,14,16500,1400
No Name Pinnacle.2025-10-08.Stationary,No Name Pinnacle,No Name,Natural,2025-10-08,Stationary,5,559,31,17,620,340
No Name Wreck.2025-10-08.Stationary,No Name Wreck,No Name,Artificial,2025-10-08,Stationary,1,559,58,6,5800,600
No Name Wreck.2025-10-08.Stationary,No Name Wreck,No Name,Artificial,2025-10-08,Stationary,5,559,517,2,10340,40
Sattakut.2025-10-08.Stationary,Sattakut,Sattakut,Artificial,2025-10-08,Stationary,1,559,391,49,39100,4900
Sattakut.2025-10-08.Stationary,Sattakut,Sattakut,Artificial,2025-10-08,Stationary,5,559,7,11,140,220
Hin Pee Wee.2025-10-09.Stationary,Hin Pee Wee,Sattakut,Natural,2025-10-09,Stationary,1,560,197,11,19700,1100
Hin Pee Wee.2025-10-09.Stationary,Hin Pee Wee,Sattakut,Natural,2025-10-09,Stationary,5,560,5,1,100,20
Sattakut.2025-10-09.Stationary,Sattakut,Sattakut,Artificial,2025-10-09,Stationary,1,560,144,2,14400,200
Sattakut.2025-10-09.Stationary,Sattakut,Sattakut,Artificial,2025-10-09,Stationary,5,560,34,15,680,300
Aow Mao.2025-10-15.Stationary,Aow Mao,Aow Mao,Natural,2025-10-15,Stationary,1,566,81,3,8100,300
Aow Mao.2025-10-15.Stationary,Aow Mao,Aow Mao,Natural,2025-10-15,Stationary,5,566,48,5,960,100
Aow Mao Wreck.2025-10-15.Stationary,Aow Mao Wreck,Aow Mao,Artificial,2025-10-15,Stationary,1,566,74,7,7400,700
Aow Mao Wreck.2025-10-15.Stationary,Aow Mao Wreck,Aow Mao,Artificial,2025-10-15,Stationary,5,566,39,1,780,20
Aow Mao Wreck.2025-10-17.Stationary,Aow Mao Wreck,Aow Mao,Artificial,2025-10-17,Stationary,1,568,98,6,9800,600
Aow Mao Wreck.2025-10-17.Stationary,Aow Mao Wreck,Aow Mao,Artificial,2025-10-17,Stationary,5,568,18,0,360,0
Aow Mao.2025-10-20.Stationary,Aow Mao,Aow Mao,Natural,2025-10-20,Stationary,1,571,137,0,13700,0
Aow Mao.2025-10-20.Stationary,Aow Mao,Aow Mao,Natural,2025-10-20,Stationary,5,571,201,1,4020,20
Hin Pee Wee.2025-10-22.Stationary,Hin Pee Wee,Sattakut,Natural,2025-10-22,Stationary,1,573,97,2,9700,200
Hin Pee Wee.2025-10-22.Stationary,Hin Pee Wee,Sattakut,Natural,2025-10-22,Stationary,5,573,53,3,1060,60
No Name Pinnacle.2025-10-22.Stationary,No Name Pinnacle,No Name,Natural,2025-10-22,Stationary,1,573,269,27,26900,2700
No Name Pinnacle.2025-10-22.Stationary,No Name Pinnacle,No Name,Natural,2025-10-22,Stationary,5,573,58,10,1160,200
No Name Wreck.2025-10-22.Stationary,No Name Wreck,No Name,Artificial,2025-10-22,Stationary,1,573,140,0,14000,0
No Name Wreck.2025-10-22.Stationary,No Name Wreck,No Name,Artificial,2025-10-22,Stationary,5,573,27,0,540,0
Sattakut.2025-10-22.Stationary,Sattakut,Sattakut,Artificial,2025-10-22,Stationary,5,573,3,4,60,80
